<?xml version="1.0" encoding="UTF-8"?>
<project-private xmlns="http://www.netbeans.org/ns/project-private/1">
    <editor-bookmarks xmlns="http://www.netbeans.org/ns/editor-bookmarks/2" lastBookmarkId="0"/>
    <open-files xmlns="http://www.netbeans.org/ns/projectui-open-files/2">
        <group>
            <file>file:/C:/Users/yliza/OneDrive/Documentos/NetBeansProjects/AdmoParking/src/packagepar/Registro.java</file>
            <file>file:/C:/Users/yliza/OneDrive/Documentos/NetBeansProjects/AdmoParking/src/packagepar/Admo.java</file>
            <file>file:/C:/Users/yliza/OneDrive/Documentos/NetBeansProjects/AdmoParking/src/packagepar/Cobro.java</file>
            <file>file:/C:/Users/yliza/OneDrive/Documentos/NetBeansProjects/AdmoParking/src/packagepar/Espacio.java</file>
            <file>file:/C:/Users/yliza/OneDrive/Documentos/NetBeansProjects/AdmoParking/src/packagepar/Login.java</file>
        </group>
    </open-files>
</project-private>
